"rownames","x"
"1",679.574279379157
"3",686.337662337662
"4",923.748251748252
"2",786.291866028708
