"rownames","x"
"patient",773.489823609227
"control",629.786363636364
