"Species","chao","chao.se","jack1","jack1.se","jack2","boot","boot.se","n"
142.0525,158.387395278232,9.72899889595664,160.992270114942,5.17068062415825,167.563922079658,151.458139416762,3.30257096838111,87
