"Species","chao","chao.se","jack1","jack1.se","jack2","boot","boot.se","n"
1785.14,2767.08653335729,102.584030162378,2470.85408045977,96.4430445725371,2913.66877739909,2080.08929977967,48.2433991593469,87
