"Sample.type","visit","Min.Count.Sum","Max.Count.Sum","Mean.Count.Sum","Median.Count.Sum","Q25.Count.Sum","Q75.Count.Sum"
"control",1,2220,17414,7390.33333333333,5429,3664,11643.75
"control",2,2472,3055,2763.5,2763.5,2617.75,2909.25
"patient",1,2240,22592,7541.82608695652,3642,2634.5,10925.5
"patient",2,2161,25886,9341.64705882353,6174,3064,13904
"patient",3,2394,20342,7549.71428571429,5796.5,2969.25,11206.75
"patient",4,3107,32702,10161.2307692308,6434,4483,13001
