"rownames","x"
"control",715.272727272727
"patient",685.620553359684
