"feature","DietStatus","Drug.Before.Diet","mean","sd","median","incidence"
"NE_0.25","after.diet","DrugBefore_NO",0.658395833069219,0.059025110776627,0.666422647773342,1
"NE_0.25","after.diet","DrugBefore_YES",0.637604441921854,0.0761800283948447,0.660203064724889,1
"NE_0.25","before.diet","DrugBefore_NO",0.649454224417195,0.0308287829189479,0.659411558179445,1
"NE_0.25","before.diet","DrugBefore_YES",0.644018805666964,0.0582152364986257,0.641943043085596,1
