"feature","DietStatus","Drug.Before.Diet","mean","sd","median","incidence"
"NE_Inf","after.diet","DrugBefore_NO",0.0974238107022419,0.166229560624324,0.0319475639726745,1
"NE_Inf","after.diet","DrugBefore_YES",0.0331467482259935,0.0106933191288618,0.0329258145570723,1
"NE_Inf","before.diet","DrugBefore_NO",0.0264284032442494,0.0102509662359011,0.0261631915968041,1
"NE_Inf","before.diet","DrugBefore_YES",0.0375217107785137,0.00831279186306696,0.0403157974196742,1
