"feature","DietStatus","mean","sd","median","incidence"
"N_4","after.diet",6.10305256929346,3.89612600500908,5.40162883614644,1
"N_4","before.diet",6.30508599946976,3.34259530244311,5.77290471439773,1
