"feature","DietStatus","Drug.Before.Diet","mean","sd","median","incidence"
"NE_0.5","after.diet","DrugBefore_NO",0.38526760805384,0.0716556376641075,0.382625322978966,1
"NE_0.5","after.diet","DrugBefore_YES",0.303243041393841,0.0853112555987164,0.311425604653705,1
"NE_0.5","before.diet","DrugBefore_NO",0.358724584513343,0.109670192703969,0.364019103959655,1
"NE_0.5","before.diet","DrugBefore_YES",0.273772082856468,0.0842526345819581,0.259729449698854,1
