"feature","DietStatus","mean","sd","median","incidence"
"N_0","after.diet",26.3496875,10.3849657708873,28.19125,1
"N_0","before.diet",31.3204411764706,9.05901326180581,31.4625,1
