"feature","DietStatus","mean","sd","median","incidence"
"N_8","after.diet",1.98929908487289,1.03176380014593,1.53438862318088,1
"N_8","before.diet",1.92175588734937,1.14363763668989,1.34325211951766,1
