"feature","DietStatus","Drug.Before.Diet","mean","sd","median","incidence"
"NE_0.5","after.diet","DrugBefore_NO",0.44478099618193,0.0728521404383998,0.466276353849745,1
"NE_0.5","after.diet","DrugBefore_YES",0.395934892887618,0.0857849053938042,0.418031487370126,1
"NE_0.5","before.diet","DrugBefore_NO",0.395085838059933,0.0445706878792969,0.405412712335398,1
"NE_0.5","before.diet","DrugBefore_YES",0.404281069251136,0.0765999211918333,0.387489246922703,1
