"feature","DietStatus","mean","sd","median","incidence"
"N_0.25","after.diet",15.0336980251895,7.08246794931218,15.2486541103128,1
"N_0.25","before.diet",17.6630022125907,7.5754100201731,17.5225087897236,1
