"feature","DietStatus","Drug.Before.Diet","mean","sd","median","incidence"
"NE_2","after.diet","DrugBefore_NO",0.142437147585564,0.148838042553734,0.0915392110164625,1
"NE_2","after.diet","DrugBefore_YES",0.075598911991641,0.0250309465886075,0.0793097095706481,1
"NE_2","before.diet","DrugBefore_NO",0.0580442782970073,0.0254115568253322,0.0530213939057872,1
"NE_2","before.diet","DrugBefore_YES",0.0843707596290665,0.0283368734601907,0.0742566577911198,1
