"feature","DietStatus","mean","sd","median","incidence"
"N_0.25","after.diet",83.5987637767242,43.5629052958357,86.4904522435554,1
"N_0.25","before.diet",85.0521678625165,31.1674789392144,89.766619312879,1
