"feature","DietStatus","mean","sd","median","incidence"
"N_2","after.diet",10.3162185241072,7.16172590623851,9.67831262937342,1
"N_2","before.diet",9.93499987089007,5.91586453591156,8.85445849962413,1
