"feature","DietStatus","mean","sd","median","incidence"
"NE_1","after.diet",0.17985037743688,0.0894133446371853,0.158731096458052,1
"NE_1","before.diet",0.139607166561056,0.0718522383766602,0.100969907244809,1
