"feature","DietStatus","mean","sd","median","incidence"
"N_1","after.diet",24.5726437481941,16.2981529124458,24.9692446656733,1
"N_1","before.diet",23.0913536566472,12.7811919943938,20.3751239505713,1
