"feature","DietStatus","mean","sd","median","incidence"
"NE_0.5","after.diet",0.414252181622985,0.0823471932529142,0.428821666142316,1
"NE_0.5","before.diet",0.401035693536594,0.0656393899157035,0.391738016778004,1
