"feature","DietStatus","Drug.Before.Diet","mean","sd","median","incidence"
"NE_2","after.diet","DrugBefore_NO",0.155384767526105,0.135213304461255,0.10799492131736,1
"NE_2","after.diet","DrugBefore_YES",0.104785058039436,0.0561364423012416,0.0787821869864761,1
"NE_2","before.diet","DrugBefore_NO",0.0983946063597989,0.054059920879922,0.0811854470871284,1
"NE_2","before.diet","DrugBefore_YES",0.0751016803354064,0.0372294887288025,0.0535895874180027,1
