"feature","DietStatus","mean","sd","median","incidence"
"NE_4","after.diet",0.072201058684361,0.0985054443859117,0.0493940246463163,1
"NE_4","before.diet",0.0485502008711722,0.0168055004882146,0.0490286346581931,1
