"feature","DietStatus","mean","sd","median","incidence"
"N_2","after.diet",2.73183354425786,1.68744391831265,2.03413821079992,1
"N_2","before.diet",2.72745315904543,2.08649197746868,1.66104655546836,1
