"feature","DietStatus","mean","sd","median","incidence"
"N_8","after.diet",4.78351882192572,2.75223959539229,4.26973912348138,1
"N_8","before.diet",5.15624484558383,2.55032850654133,4.85081438400468,1
