"feature","DietStatus","Drug.Before.Diet","mean","sd","median","incidence"
"NE_4","after.diet","DrugBefore_NO",0.112481652543681,0.159992683808603,0.0515235454495472,1
"NE_4","after.diet","DrugBefore_YES",0.0480327023687691,0.0148522064341393,0.0493940246463163,1
"NE_4","before.diet","DrugBefore_NO",0.0374551006444654,0.0167051125133989,0.0351708845866791,1
"NE_4","before.diet","DrugBefore_YES",0.0546020737221033,0.0140783852654957,0.0526650916658769,1
