"feature","DietStatus","mean","sd","median","incidence"
"N_0","after.diet",124.5746875,58.4221598573335,131.7875,1
"N_0","before.diet",129.203088235294,40.7005919560128,135.2125,1
