"feature","DietStatus","mean","sd","median","incidence"
"NE_2","after.diet",0.123759949096937,0.092871283561473,0.0912235633893361,1
"NE_2","before.diet",0.0833227130498979,0.0437172266627298,0.0643878642982304,1
