"feature","DietStatus","mean","sd","median","incidence"
"N_1","after.diet",4.44771080519341,2.81893184409775,3.84246283713427,1
"N_1","before.diet",4.70188184486835,3.56347813099535,3.17936033807779,1
