"feature","DietStatus","Drug.Before.Diet","mean","sd","median","incidence"
"NE_1","after.diet","DrugBefore_NO",0.240837385104078,0.116481033546833,0.22376269825813,1
"NE_1","after.diet","DrugBefore_YES",0.17216120001157,0.055014061049018,0.186906605390774,1
"NE_1","before.diet","DrugBefore_NO",0.149678661110621,0.0431651749599241,0.142938917221365,1
"NE_1","before.diet","DrugBefore_YES",0.18297627680212,0.0604877961466995,0.160886034474745,1
