"feature","DietStatus","mean","sd","median","incidence"
"NE_2","after.diet",0.100663250339362,0.0942179426136157,0.0793097095706481,1
"NE_2","before.diet",0.0750790603353985,0.0295268048817515,0.0721999346926352,1
