"feature","DietStatus","mean","sd","median","incidence"
"NE_0.25","after.diet",0.645401213602116,0.0689306155221949,0.660203064724889,1
"NE_0.25","before.diet",0.645937188755281,0.049216934494592,0.658779886844551,1
