"feature","DietStatus","mean","sd","median","incidence"
"NE_8","after.diet",0.0632869198662763,0.100230709926102,0.0400153283745765,1
"NE_8","before.diet",0.0401043382562582,0.013077684103791,0.0391223565748131,1
