"feature","DietStatus","mean","sd","median","incidence"
"N_Inf","after.diet",1.80738648220379,0.811489224733425,1.4543938192151,1
"N_Inf","before.diet",1.74819250918124,0.884112764724133,1.29460423985269,1
