"feature","DietStatus","mean","sd","median","incidence"
"NE_1","after.diet",0.197914769421261,0.0867043432569804,0.190960075921609,1
"NE_1","before.diet",0.171224177146297,0.0560180675934318,0.160886034474745,1
