"feature","DietStatus","Drug.Before.Diet","mean","sd","median","incidence"
"NE_8","after.diet","DrugBefore_NO",0.103326817513092,0.163704808647322,0.0397980511770236,1
"NE_8","after.diet","DrugBefore_YES",0.039262981278187,0.0120459750715786,0.0400153283745765,1
"NE_8","before.diet","DrugBefore_NO",0.0312737062837794,0.0134673640509062,0.0300890715232582,1
"NE_8","before.diet","DrugBefore_YES",0.044921046604883,0.0105189155012555,0.0460420755519853,1
