"feature","DietStatus","mean","sd","median","incidence"
"NE_0.5","after.diet",0.334002253891341,0.0880926995805432,0.329540758796683,1
"NE_0.5","before.diet",0.303755318735365,0.0997313516500463,0.291968935294843,1
