"feature","DietStatus","mean","sd","median","incidence"
"N_0.5","after.diet",8.93955782150898,4.934442336195,9.06996030476266,1
"N_0.5","before.diet",10.1508415093302,5.90341980123326,8.86292920853808,1
