"feature","DietStatus","mean","sd","median","incidence"
"NE_4","after.diet",0.106512841613164,0.0937373888539141,0.0756416108465153,1
"NE_4","before.diet",0.0668436754660272,0.030096852707698,0.0551511366442948,1
