"feature","DietStatus","mean","sd","median","incidence"
"N_4","after.diet",2.20303228948256,1.25976237249202,1.64674449573486,1
"N_4","before.diet",2.14269786754017,1.45040389698997,1.41095579694983,1
