"name","statistic","pval","pval.adjusted","common.lang.eff.size","rank.biserial.corr.eff.size","r.eff.size","l2fc.after.diet.by.before.diet","mean.before.diet","mean.after.diet","l2fc.paired.median","median.paired.after.diet","median.paired.before.diet"
"Unclassified_Bacteria",85,0.0418701171875,0.2093505859375,0.642857142857143,0.285714285714286,0.543825521864213,-2.18827104549222,0.0101816079191116,0.00223398959260254,0.743628510964856,0.00205389303327359,0.00289405990717901
"Firmicutes",36,0.3258056640625,0.625,0.428571428571429,-0.142857142857143,0.262610179983594,0.832492378685654,0.197224107790379,0.351208628569345,-0.551436905057237,0.2068020143045,0.122391363274747
"Bacteroidetes",58,0.7608642578125,0.855224609375,0.5,0,0.0813399058828937,-0.269092586844349,0.666287796117689,0.552913149378371,-0.018328468419499,0.707857373575158,0.749972923531628
"Proteobacteria",49,0.855224609375,0.855224609375,0.428571428571429,-0.142857142857143,0.0487635098762773,-0.891513707750976,0.0355241114091084,0.0191492097335526,-0.480684506401255,0.0152199454936272,0.0125576871185258
"Verrucomicrobia",8,0.375,0.625,0.571428571428571,0.142857142857143,0.443573279509438,-4.92393654703887,0.0125884402299233,0.000414685953384321,0,0,0
