"feature","DietStatus","mean","sd","median","incidence"
"N_0.5","after.diet",54.2909038080005,31.335027769893,55.1815085678294,1
"N_0.5","before.diet",53.6407930522428,22.9878474465411,52.469900810249,1
