"feature","DietStatus","mean","sd","median","incidence"
"NE_0.25","after.diet",0.55597212060095,0.0776066588142178,0.571208518472241,1
"NE_0.25","before.diet",0.544101074937997,0.0877073934376703,0.548158768376385,1
