"feature","DietStatus","Drug.Before.Diet","mean","sd","median","incidence"
"NE_4","after.diet","DrugBefore_NO",0.134697174158614,0.143510539208867,0.07886608417559,1
"NE_4","after.diet","DrugBefore_YES",0.0896022420858942,0.0485320894383155,0.0706179029131246,1
"NE_4","before.diet","DrugBefore_NO",0.0743538803586101,0.0367420541092301,0.0617962692163597,1
"NE_4","before.diet","DrugBefore_YES",0.0627472000700729,0.0268704758111505,0.0489744753020619,1
