"feature","DietStatus","Drug.Before.Diet","mean","sd","median","incidence"
"NE_1","after.diet","DrugBefore_NO",0.223194727297443,0.11154181485703,0.195755648262251,1
"NE_1","after.diet","DrugBefore_YES",0.153843767520541,0.066397353610003,0.143479812103442,1
"NE_1","before.diet","DrugBefore_NO",0.174273815279414,0.0863870457014741,0.160459033597436,1
"NE_1","before.diet","DrugBefore_YES",0.120698085441953,0.0584350512911646,0.0908747905669741,1
