"feature","DietStatus","mean","sd","median","incidence"
"NE_8","after.diet",0.0994614576413457,0.0936538897467372,0.0695693223669041,1
"NE_8","before.diet",0.060745308216968,0.0238633152037136,0.0506193783001008,1
