"feature","DietStatus","Drug.Before.Diet","mean","sd","median","incidence"
"NE_Inf","after.diet","DrugBefore_NO",0.122332031359057,0.14858838315761,0.0631711819669748,1
"NE_Inf","after.diet","DrugBefore_YES",0.0761581649162551,0.0385491181013166,0.0668524991402556,1
"NE_Inf","before.diet","DrugBefore_NO",0.0577336305676893,0.0196790865613912,0.0516279336895426,1
"NE_Inf","before.diet","DrugBefore_YES",0.0551013831651974,0.0196510567891959,0.0453689507578687,1
