"feature","DietStatus","mean","sd","median","incidence"
"N_Inf","after.diet",3.89639178056227,1.99557605682007,3.56114736472586,1
"N_Inf","before.diet",4.26629387457856,1.92037524922606,4.17184660928215,1
