"feature","DietStatus","Drug.Before.Diet","mean","sd","median","incidence"
"NE_0.25","after.diet","DrugBefore_NO",0.595370186877527,0.046745190065088,0.588082266477972,1
"NE_0.25","after.diet","DrugBefore_YES",0.532333280835004,0.0846661057728718,0.547774479461949,1
"NE_0.25","before.diet","DrugBefore_NO",0.59276286211728,0.0883838524591215,0.604239826245914,1
"NE_0.25","before.diet","DrugBefore_YES",0.517558281931116,0.0787815506860252,0.533439182552114,1
