"feature","DietStatus","Drug.Before.Diet","mean","sd","median","incidence"
"NE_8","after.diet","DrugBefore_NO",0.127601013227094,0.146399934529472,0.0695693223669041,1
"NE_8","after.diet","DrugBefore_YES",0.0825777242898971,0.0432042304629141,0.068416454072328,1
"NE_8","before.diet","DrugBefore_NO",0.0650657611606751,0.0275726696122551,0.0555448506908484,1
"NE_8","before.diet","DrugBefore_YES",0.0583886975204004,0.0226648997723265,0.0476579080302795,1
