"feature","visit","Drug.Before.Diet","mean","sd","median","incidence"
"N_4",1,"DrugBefore_NO",2.64365746343053,1.7167511348243,2.22028406230786,1
"N_4",1,"DrugBefore_YES",1.72067994039543,0.600365428470949,1.40892283551414,1
"N_4",2,"DrugBefore_NO",2.16163812742388,0.972611689568798,1.76195543924563,1
"N_4",2,"DrugBefore_YES",2.18786540338171,1.42359969288847,1.59182767582713,1
"N_4",3,"DrugBefore_NO",3.32118877024878,1.83269282645255,2.97729751341494,1
"N_4",3,"DrugBefore_YES",2.28195225166905,1.35240150352377,1.81906391057033,1
"N_4",4,"DrugBefore_NO",3.6709748555731,2.12662422738218,3.15690568096644,1
"N_4",4,"DrugBefore_YES",2.05795036607361,1.03826036222648,1.7450356876648,1
