"feature","visit","Drug.Before.Diet","mean","sd","median","incidence"
"NE_4",1,"DrugBefore_NO",0.0688747311908661,0.0298455457222082,0.0615832354833915,1
"NE_4",1,"DrugBefore_YES",0.0622144524916377,0.0250228432792169,0.0490891959318535,1
"NE_4",2,"DrugBefore_NO",0.122946148390655,0.137349836887069,0.0750875223004785,1
"NE_4",2,"DrugBefore_YES",0.0895308884048558,0.0484535649315525,0.0704714724604074,1
"NE_4",3,"DrugBefore_NO",0.100938317128353,0.0617115029230249,0.0876417241062404,1
"NE_4",3,"DrugBefore_YES",0.0746191318267023,0.0385770424551364,0.061933829680444,1
"NE_4",4,"DrugBefore_NO",0.105200525613034,0.0505258822385979,0.101859320811596,1
"NE_4",4,"DrugBefore_YES",0.0739744022749408,0.0331409764245656,0.0537134235992154,1
