"feature","visit","Drug.Before.Diet","mean","sd","median","incidence"
"NE_1",1,"DrugBefore_NO",0.167799739455632,0.0596593258530101,0.170039552915683,1
"NE_1",1,"DrugBefore_YES",0.186519214482678,0.0580430117204371,0.165229793602309,1
"NE_1",2,"DrugBefore_NO",0.221571834560513,0.114598570874062,0.198445471006407,1
"NE_1",2,"DrugBefore_YES",0.172234127042302,0.0550904176336778,0.187549370472066,1
"NE_1",3,"DrugBefore_NO",0.198303605207783,0.056136873587946,0.196711796790172,1
"NE_1",3,"DrugBefore_YES",0.198857681327746,0.0719011739805757,0.194038626103562,1
"NE_1",4,"DrugBefore_NO",0.186939302148084,0.0273309242020435,0.178312727179284,1
"NE_1",4,"DrugBefore_YES",0.191170167803118,0.0477730604233597,0.183875275181276,1
