"feature","visit","Drug.Before.Diet","mean","sd","median","incidence"
"N_1",1,"DrugBefore_NO",27.319902313333,18.2998285200959,20.4020167264252,1
"N_1",1,"DrugBefore_YES",26.3597532169082,15.504667100543,26.5802264016315,1
"N_1",2,"DrugBefore_NO",24.3247412194876,18.8216090033567,25.4783342724622,1
"N_1",2,"DrugBefore_YES",23.6526524973471,14.7878365170718,23.6616799411991,1
"N_1",3,"DrugBefore_NO",24.5461112021879,12.6332954775617,23.6716901156918,1
"N_1",3,"DrugBefore_YES",31.216250374799,18.4582791202528,27.6308198335665,1
"N_1",4,"DrugBefore_NO",26.9561546901241,5.36804953448481,26.4054216547611,1
"N_1",4,"DrugBefore_YES",25.8504858066564,9.79416191919039,22.4046611754087,1
