"feature","visit","Drug.Before.Diet","mean","sd","median","incidence"
"N_0.5",1,"DrugBefore_NO",65.4674972943068,30.5323452149272,61.395884136397,1
"N_0.5",1,"DrugBefore_YES",57.6177796762159,28.701902052011,63.2179605178186,1
"N_0.5",2,"DrugBefore_NO",53.6254349900106,35.1576728044459,52.9178941974706,1
"N_0.5",2,"DrugBefore_YES",53.3715368261223,28.8802273984722,54.7767633233451,1
"N_0.5",3,"DrugBefore_NO",53.4473902539545,26.7739498939563,50.4274096195421,1
"N_0.5",3,"DrugBefore_YES",65.0936269340324,29.4869221774186,62.7318434998244,1
"N_0.5",4,"DrugBefore_NO",61.8095269018722,12.4460510474621,64.0157686080643,1
"N_0.5",4,"DrugBefore_YES",57.4995888456877,18.7902649307606,60.2472302786909,1
