"feature","visit","Drug.Before.Diet","mean","sd","median","incidence"
"NE_2",1,"DrugBefore_NO",0.0890421690784219,0.0441287146969963,0.0796484246793251,1
"NE_2",1,"DrugBefore_YES",0.0755765567362027,0.0344779012311723,0.0640397859283995,1
"NE_2",2,"DrugBefore_NO",0.142408267580539,0.130866781338018,0.102234471219643,1
"NE_2",2,"DrugBefore_YES",0.104713801846649,0.0560966867309108,0.0786842969579432,1
"NE_2",3,"DrugBefore_NO",0.139557292706253,0.0983091226160467,0.115377922608126,1
"NE_2",3,"DrugBefore_YES",0.0938877217540993,0.0534201959055198,0.0756821336138418,1
"NE_2",4,"DrugBefore_NO",0.137029275852675,0.0652409961069391,0.140747956612864,1
"NE_2",4,"DrugBefore_YES",0.0924664377492619,0.0455311813708157,0.0673957368192096,1
