"feature","visit","Drug.Before.Diet","mean","sd","median","incidence"
"NE_0.5",1,"DrugBefore_NO",0.335144118297681,0.0959508179567757,0.303048000267248,1
"NE_0.5",1,"DrugBefore_YES",0.286954649453962,0.0839942821047133,0.292868710904185,1
"NE_0.5",2,"DrugBefore_NO",0.372640243051971,0.075566364697073,0.348009487251766,1
"NE_0.5",2,"DrugBefore_YES",0.303250937272189,0.0854063662875669,0.310313514152429,1
"NE_0.5",3,"DrugBefore_NO",0.414894566107206,0.136762429928829,0.411287061110741,1
"NE_0.5",3,"DrugBefore_YES",0.31694878282769,0.0971000019941027,0.324094468277929,1
"NE_0.5",4,"DrugBefore_NO",0.392771075867471,0.0729154613785334,0.405962060798973,1
"NE_0.5",4,"DrugBefore_YES",0.317329959283789,0.0896236729895795,0.303204164526566,1
