"feature","visit","Drug.Before.Diet","mean","sd","median","incidence"
"N_Inf",1,"DrugBefore_NO",2.08948189823079,1.03649846705065,1.8998034256381,1
"N_Inf",1,"DrugBefore_YES",1.49558770929096,0.404268847138655,1.2931844593836,1
"N_Inf",2,"DrugBefore_NO",1.77150761303605,0.61915303845605,1.52984076203824,1
"N_Inf",2,"DrugBefore_YES",1.80448173551726,0.919257014867821,1.41718083644743,1
"N_Inf",3,"DrugBefore_NO",2.4562817970759,1.05805366832164,2.31972717164346,1
"N_Inf",3,"DrugBefore_YES",1.87991946268906,0.943398928405266,1.56750680756459,1
"N_Inf",4,"DrugBefore_NO",2.71196383164875,1.31945369483687,2.39242552013539,1
"N_Inf",4,"DrugBefore_YES",1.70462963382761,0.633971149989499,1.51825074367847,1
