"feature","visit","Drug.Before.Diet","mean","sd","median","incidence"
"N_4",1,"DrugBefore_NO",6.98198206661347,5.05010404795192,5.49573944266331,1
"N_4",1,"DrugBefore_YES",6.86902288593028,3.27119453031208,6.48763514263446,1
"N_4",2,"DrugBefore_NO",5.9374388088327,4.60688977383689,5.15537120459225,1
"N_4",2,"DrugBefore_YES",6.01914668845512,3.39213107627704,5.72032979373835,1
"N_4",3,"DrugBefore_NO",6.48647302790472,3.28122667575483,6.50317014075753,1
"N_4",3,"DrugBefore_YES",8.79503669997385,5.77057999426982,5.53810241564611,1
"N_4",4,"DrugBefore_NO",7.09209290732577,2.58392828000107,6.37901890368555,1
"N_4",4,"DrugBefore_YES",6.77459051806539,2.68349318066396,6.62885088847863,1
