"feature","visit","Drug.Before.Diet","mean","sd","median","incidence"
"N_0",1,"DrugBefore_NO",36.325,8.01276004951547,35.75,1
"N_0",1,"DrugBefore_YES",28.9001923076923,7.93160998405132,27.06,1
"N_0",2,"DrugBefore_NO",28.7735714285714,13.3698705005838,31.7325,1
"N_0",2,"DrugBefore_YES",25.686,8.34112445790268,27.8375,1
"N_0",3,"DrugBefore_NO",33.7795833333333,7.00930335637335,34.87375,1
"N_0",3,"DrugBefore_YES",30.464375,6.48432061509035,31.83875,1
"N_0",4,"DrugBefore_NO",34.1045833333333,6.28108478223839,31.755,1
"N_0",4,"DrugBefore_YES",28.5771428571429,6.80320687687239,28.435,1
