"feature","visit","Drug.Before.Diet","mean","sd","median","incidence"
"NE_Inf",1,"DrugBefore_NO",0.0558093347118971,0.0170616206523443,0.051075181402296,1
"NE_Inf",1,"DrugBefore_YES",0.0543810238964672,0.0185084892304011,0.0453312051694149,1
"NE_Inf",2,"DrugBefore_NO",0.111475620486579,0.141318102638755,0.0559838810520597,1
"NE_Inf",2,"DrugBefore_YES",0.0760975953538329,0.0384830112420361,0.0666832880552477,1
"NE_Inf",3,"DrugBefore_NO",0.0746794035553813,0.0356866463848477,0.0666637538093307,1
"NE_Inf",3,"DrugBefore_YES",0.0619588138294326,0.0264104141627017,0.0544343943126351,1
"NE_Inf",4,"DrugBefore_NO",0.0783853040819599,0.0309307997438173,0.0772117338086916,1
"NE_Inf",4,"DrugBefore_YES",0.0620513179806081,0.023760408705252,0.0499811411556651,1
