"feature","visit","Drug.Before.Diet","mean","sd","median","incidence"
"N_2",1,"DrugBefore_NO",11.1814098633774,8.6608756683167,8.62252139679639,1
"N_2",1,"DrugBefore_YES",11.2823264114057,6.3629775874278,9.50848078109959,1
"N_2",2,"DrugBefore_NO",10.1827992426783,8.49313473213886,9.44126350640367,1
"N_2",2,"DrugBefore_YES",9.96218985279279,6.27155494662092,9.68021269496158,1
"N_2",3,"DrugBefore_NO",10.6786146567837,5.51924862863013,10.5503453887294,1
"N_2",3,"DrugBefore_YES",14.3704635407468,9.82419433400831,10.1197637421944,1
"N_2",4,"DrugBefore_NO",11.329499788338,3.26859132079664,10.4437932100828,1
"N_2",4,"DrugBefore_YES",11.1501830293873,4.67385393114349,9.38401794554592,1
