"feature","visit","Drug.Before.Diet","mean","sd","median","incidence"
"NE_4",1,"DrugBefore_NO",0.0433762918397731,0.0202657972714307,0.0438755112442473,1
"NE_4",1,"DrugBefore_YES",0.05201496253924,0.0147620346925167,0.0510544659096673,1
"NE_4",2,"DrugBefore_NO",0.10034416139413,0.146344707542857,0.0344340251062147,1
"NE_4",2,"DrugBefore_YES",0.0480516015201467,0.0148762264302247,0.0494831744149894,1
"NE_4",3,"DrugBefore_NO",0.0555646878285934,0.0227321720160638,0.0555167613966726,1
"NE_4",3,"DrugBefore_YES",0.0561283974857091,0.0243040969207126,0.0469904718392186,1
"NE_4",4,"DrugBefore_NO",0.0506838004915565,0.0209636890934321,0.0461227633894993,1
"NE_4",4,"DrugBefore_YES",0.0519857542148651,0.0206134830251451,0.0441026605928428,1
