"feature","visit","Drug.Before.Diet","mean","sd","median","incidence"
"N_2",1,"DrugBefore_NO",3.47004121086423,2.4527438729751,2.64631914735313,1
"N_2",1,"DrugBefore_YES",2.11356491307681,0.89912035602226,1.65916691479546,1
"N_2",2,"DrugBefore_NO",2.83165462415119,1.51348562570869,2.23346655240887,1
"N_2",2,"DrugBefore_YES",2.61213839547257,1.79384133579987,1.94636124237025,1
"N_2",3,"DrugBefore_NO",4.58943696116469,2.90729295062974,3.89656788321849,1
"N_2",3,"DrugBefore_YES",2.89104826664619,1.83818389358535,2.3139304906507,1
"N_2",4,"DrugBefore_NO",4.75311491701877,2.64659398485999,4.35418156376459,1
"N_2",4,"DrugBefore_YES",2.62747891008044,1.61161581566048,2.24741517425046,1
