"feature","visit","Drug.Before.Diet","mean","sd","median","incidence"
"NE_0.5",1,"DrugBefore_NO",0.411350608660753,0.0603223835474893,0.405348737970076,1
"NE_0.5",1,"DrugBefore_YES",0.413828500064369,0.0757554581177733,0.418700451319218,1
"NE_0.5",2,"DrugBefore_NO",0.427723622729578,0.0782369305896508,0.463232545154558,1
"NE_0.5",2,"DrugBefore_YES",0.396038144828405,0.0859272301532369,0.418122979344115,1
"NE_0.5",3,"DrugBefore_NO",0.424736487693209,0.0656127451370813,0.431877701327405,1
"NE_0.5",3,"DrugBefore_YES",0.42959724809147,0.0809526348225708,0.439178383740639,1
"NE_0.5",4,"DrugBefore_NO",0.425293966699087,0.0266895785022711,0.430964591829012,1
"NE_0.5",4,"DrugBefore_YES",0.423142890612384,0.0481243548027172,0.405689581778809,1
