"feature","visit","Drug.Before.Diet","mean","sd","median","incidence"
"N_0.25",1,"DrugBefore_NO",103.204933018268,39.1348875289153,102.469877141769,1
"N_0.25",1,"DrugBefore_YES",88.752861609379,38.0259602269943,91.7316925734806,1
"N_0.25",2,"DrugBefore_NO",82.6716515374939,48.7499874829381,77.599972357124,1
"N_0.25",2,"DrugBefore_YES",83.2416041470162,39.9164896579466,86.6049891971194,1
"N_0.25",3,"DrugBefore_NO",82.0275236459643,38.1095494489624,78.7218276504699,1
"N_0.25",3,"DrugBefore_YES",98.4512592130282,36.5705611902771,96.3851899343334,1
"N_0.25",4,"DrugBefore_NO",96.5813862537925,18.6396015391958,96.934848146925,1
"N_0.25",4,"DrugBefore_YES",89.2271322083879,25.7949276303013,86.5471526288488,1
