"feature","visit","Drug.Before.Diet","mean","sd","median","incidence"
"NE_8",1,"DrugBefore_NO",0.0615407886579017,0.0228394442775586,0.054788649337401,1
"NE_8",1,"DrugBefore_YES",0.0577227881278165,0.0212276655172646,0.0470163127899949,1
"NE_8",2,"DrugBefore_NO",0.116351936611017,0.13960282761487,0.0636091618609584,1
"NE_8",2,"DrugBefore_YES",0.0825029748449311,0.0431131058524098,0.0682566315402694,1
"NE_8",3,"DrugBefore_NO",0.0857822011519092,0.0461469800150707,0.0752130574029075,1
"NE_8",3,"DrugBefore_YES",0.0675658501840054,0.0322081902787632,0.0575148313306679,1
"NE_8",4,"DrugBefore_NO",0.09077073528384,0.0407125505788141,0.0874580098860835,1
"NE_8",4,"DrugBefore_YES",0.0672015222573496,0.0278539499909669,0.0515503677976977,1
