"feature","visit","Drug.Before.Diet","mean","sd","median","incidence"
"NE_0.25",1,"DrugBefore_NO",0.658984964820323,0.0406550331796472,0.659456527323247,1
"NE_0.25",1,"DrugBefore_YES",0.652352639371705,0.0580437477718214,0.665276006854469,1
"NE_0.25",2,"DrugBefore_NO",0.649535999579567,0.0588323224612657,0.653352454387663,1
"NE_0.25",2,"DrugBefore_YES",0.637675931056906,0.0762797463381211,0.66022420401799,1
"NE_0.25",3,"DrugBefore_NO",0.658225557743019,0.050506278043686,0.670825502691587,1
"NE_0.25",3,"DrugBefore_YES",0.66540800816273,0.0569468719685917,0.674278295477224,1
"NE_0.25",4,"DrugBefore_NO",0.664839772976028,0.0206154702704809,0.673426847293396,1
"NE_0.25",4,"DrugBefore_YES",0.660436494179842,0.0343340553254002,0.647229933276599,1
