"feature","visit","Drug.Before.Diet","mean","sd","median","incidence"
"NE_0.25",1,"DrugBefore_NO",0.574493953226112,0.0770064927391638,0.558992556689045,1
"NE_0.25",1,"DrugBefore_YES",0.529955436873326,0.0785701496836158,0.539349861190171,1
"NE_0.25",2,"DrugBefore_NO",0.58956339059873,0.0458120455524203,0.587928020622594,1
"NE_0.25",2,"DrugBefore_YES",0.532413274300337,0.084779854716413,0.548792225915815,1
"NE_0.25",3,"DrugBefore_NO",0.630913351010462,0.0948377059286837,0.637287384516473,1
"NE_0.25",3,"DrugBefore_YES",0.554536203905155,0.0742470206326785,0.564952222308958,1
"NE_0.25",4,"DrugBefore_NO",0.611140186917014,0.0464414076473312,0.618915220853846,1
"NE_0.25",4,"DrugBefore_YES",0.553461179304616,0.0748643549270178,0.546082665438426,1
