"feature","visit","Drug.Before.Diet","mean","sd","median","incidence"
"N_0",1,"DrugBefore_NO",154.29125,48.4322339323777,154.81,1
"N_0",1,"DrugBefore_YES",132.493653846154,48.3626101017031,135.3875,1
"N_0",2,"DrugBefore_NO",123.187142857143,66.3447442723199,120.355,1
"N_0",2,"DrugBefore_YES",125.3335,52.5244104652515,132.03625,1
"N_0",3,"DrugBefore_NO",122.402083333333,50.7982649166452,120.37375,1
"N_0",3,"DrugBefore_YES",144.9165625,43.7086256593736,142.95375,1
"N_0",4,"DrugBefore_NO",144.874583333333,25.3644894200862,142.71875,1
"N_0",4,"DrugBefore_YES",133.963214285714,33.2027414692135,124.945,1
