"feature","visit","Drug.Before.Diet","mean","sd","median","incidence"
"NE_Inf",1,"DrugBefore_NO",0.0292233002582284,0.0116073228193194,0.0305921608778319,1
"NE_Inf",1,"DrugBefore_YES",0.0353573138043694,0.00943853905525551,0.0387267662891952,1
"NE_Inf",2,"DrugBefore_NO",0.0861004842194182,0.151510606936164,0.0251447559769296,1
"NE_Inf",2,"DrugBefore_YES",0.0331525728080921,0.0106796678021321,0.0329829530989376,1
"NE_Inf",3,"DrugBefore_NO",0.0364390569777452,0.0134175233081924,0.0348172964125032,1
"NE_Inf",3,"DrugBefore_YES",0.0358001361167434,0.010769215261442,0.0371247950543097,1
"NE_Inf",4,"DrugBefore_NO",0.0336158019690304,0.0140207954924466,0.0297751944585924,1
"NE_Inf",4,"DrugBefore_YES",0.0335034804558927,0.011632278291185,0.0291067960603763,1
