"feature","visit","Drug.Before.Diet","mean","sd","median","incidence"
"NE_8",1,"DrugBefore_NO",0.0354443944431213,0.0155779512184682,0.0361542504576593,1
"NE_8",1,"DrugBefore_YES",0.0424547998525891,0.0115943986391738,0.0453326124512269,1
"NE_8",2,"DrugBefore_NO",0.0917653849378597,0.149364956145282,0.0293294458832042,1
"NE_8",2,"DrugBefore_YES",0.0392774116385349,0.0120450244509091,0.0400830130096728,1
"NE_8",3,"DrugBefore_NO",0.0442449779742152,0.0170499857044412,0.0443216642676779,1
"NE_8",3,"DrugBefore_YES",0.0443865221418875,0.0164147718808871,0.0415670577579798,1
"NE_8",4,"DrugBefore_NO",0.0410227561772708,0.0176779799061223,0.0365662214473582,1
"NE_8",4,"DrugBefore_YES",0.0411879520819845,0.0154222888655538,0.0348755870590819,1
