"feature","visit","Drug.Before.Diet","mean","sd","median","incidence"
"N_8",1,"DrugBefore_NO",5.66103034755084,3.84929048723906,4.50957917091134,1
"N_8",1,"DrugBefore_YES",5.50872367528072,2.38956868474691,5.27706685309391,1
"N_8",2,"DrugBefore_NO",4.6122660181454,3.22651737929566,4.08319356209474,1
"N_8",2,"DrugBefore_YES",4.77520340794023,2.41163158771065,4.65736250326298,1
"N_8",3,"DrugBefore_NO",5.11893115501936,2.38465121866237,5.04109289393992,1
"N_8",3,"DrugBefore_YES",6.84179142721715,4.08020487557204,4.55189452454136,1
"N_8",4,"DrugBefore_NO",5.71871324821151,2.12880148779251,5.21867302556315,1
"N_8",4,"DrugBefore_YES",5.3433027144035,1.92204611133034,5.56822130488929,1
