"feature","visit","Drug.Before.Diet","mean","sd","median","incidence"
"N_8",1,"DrugBefore_NO",2.33362493647923,1.34886251901243,2.0873850937736,1
"N_8",1,"DrugBefore_YES",1.59183775574043,0.49094270814085,1.34157603834886,1
"N_8",2,"DrugBefore_NO",1.93680508674856,0.773329179141431,1.62565951230854,1
"N_8",2,"DrugBefore_YES",1.98928010078882,1.17499059632499,1.4895729586224,1
"N_8",3,"DrugBefore_NO",2.82410850260806,1.37587124991126,2.61648136526747,1
"N_8",3,"DrugBefore_YES",2.05860186397942,1.14120915008419,1.67154409115368,1
"N_8",4,"DrugBefore_NO",3.15950070067522,1.72985431721159,2.71057951641462,1
"N_8",4,"DrugBefore_YES",1.85477949576563,0.802986775024655,1.61159964158958,1
