"feature","visit","Drug.Before.Diet","mean","sd","median","incidence"
"NE_1",1,"DrugBefore_NO",0.156632114116839,0.073646127620223,0.133579965364576,1
"NE_1",1,"DrugBefore_YES",0.126435500818665,0.0556918731210479,0.101420654339001,1
"NE_1",2,"DrugBefore_NO",0.207985107818407,0.112243414781944,0.160568364319355,1
"NE_1",2,"DrugBefore_YES",0.153769422420045,0.0664127716129999,0.14314446979894,1
"NE_1",3,"DrugBefore_NO",0.23139590329778,0.13918712964664,0.202567693152684,1
"NE_1",3,"DrugBefore_YES",0.153352883707819,0.0809538096892812,0.137930627482499,1
"NE_1",4,"DrugBefore_NO",0.21749677738393,0.0810452754281615,0.237459845851111,1
"NE_1",4,"DrugBefore_YES",0.152198407234795,0.0680907087634871,0.150492728182767,1
