"feature","visit","Drug.Before.Diet","mean","sd","median","incidence"
"N_0.5",1,"DrugBefore_NO",12.7696799522072,6.0463585665816,10.3077816487705,1
"N_0.5",1,"DrugBefore_YES",8.59731862903979,4.19616709202958,7.92109222259039,1
"N_0.5",2,"DrugBefore_NO",10.417297144522,5.753970077224,9.75415584016937,1
"N_0.5",2,"DrugBefore_YES",8.10795858770467,4.06764544844598,8.32386602210173,1
"N_0.5",3,"DrugBefore_NO",14.0348893453738,4.99273201257869,14.265623271074,1
"N_0.5",3,"DrugBefore_YES",9.87850589414259,4.15483870512975,9.76214201810713,1
"N_0.5",4,"DrugBefore_NO",13.4016358287629,3.62646058138492,12.9540010743089,1
"N_0.5",4,"DrugBefore_YES",9.32312720469277,4.23613629709983,9.96510351929715,1
