"feature","visit","Drug.Before.Diet","mean","sd","median","incidence"
"N_1",1,"DrugBefore_NO",6.12485261910779,4.02365669006883,4.43427407998166,1
"N_1",1,"DrugBefore_YES",3.68925099044003,1.94402063789828,3.17298727089136,1
"N_1",2,"DrugBefore_NO",5.06132942660643,3.06698401619262,4.21145593546433,1
"N_1",2,"DrugBefore_YES",3.9965487371518,2.54001985365807,3.43594432702646,1
"N_1",3,"DrugBefore_NO",7.71145923143164,4.26903590845636,6.88515442279352,1
"N_1",3,"DrugBefore_YES",4.77708815049434,2.82913735978038,4.45001912650342,1
"N_1",4,"DrugBefore_NO",7.45669993149881,3.24333588426821,7.32751095729916,1
"N_1",4,"DrugBefore_YES",4.44867698009344,2.6744748047045,3.7519275705364,1
