"feature","visit","Drug.Before.Diet","mean","sd","median","incidence"
"N_0.25",1,"DrugBefore_NO",21.3513120879897,7.14437323397603,19.2911390220769,1
"N_0.25",1,"DrugBefore_YES",15.6956647589474,6.04253871316817,14.6495675137049,1
"N_0.25",2,"DrugBefore_NO",17.1060310362806,8.62125916325438,17.6243784622973,1
"N_0.25",2,"DrugBefore_YES",14.1232032466842,5.79193878827475,14.942209686915,1
"N_0.25",3,"DrugBefore_NO",21.3833091515277,5.45559163427639,21.4461714767742,1
"N_0.25",3,"DrugBefore_YES",17.1067230531146,5.11190418052372,17.5410554531323,1
"N_0.25",4,"DrugBefore_NO",20.8441264079258,4.28357527481223,19.7496924117757,1
"N_0.25",4,"DrugBefore_YES",16.0712431923184,5.3754607555081,17.3989938463297,1
