"feature","visit","Drug.Before.Diet","mean","sd","median","incidence"
"N_Inf",1,"DrugBefore_NO",4.61820697155989,2.87344238883241,3.76170748293834,1
"N_Inf",1,"DrugBefore_YES",4.51086505930746,1.77313183751037,4.5422834923547,1
"N_Inf",2,"DrugBefore_NO",3.73558500942361,2.2985232268525,3.42472266244059,1
"N_Inf",2,"DrugBefore_YES",3.92081383133779,1.78112053948139,3.8859613683719,1
"N_Inf",3,"DrugBefore_NO",4.16291583883623,1.70608224022592,4.11828816001405,1
"N_Inf",3,"DrugBefore_YES",5.40691367213002,2.80803868315622,4.06389928571008,1
"N_Inf",4,"DrugBefore_NO",4.68245380304216,1.63441696248871,4.31477912434475,1
"N_Inf",4,"DrugBefore_YES",4.33296293260334,1.38801650581341,4.5822135938643,1
