"feature","visit","Drug.Before.Diet","mean","sd","median","incidence"
"NE_2",1,"DrugBefore_NO",0.0686544846543674,0.033538736835578,0.0717530732770026,1
"NE_2",1,"DrugBefore_YES",0.0824426145279403,0.027258544832777,0.0739334758528674,1
"NE_2",2,"DrugBefore_NO",0.12806770716919,0.13781699493057,0.0596672608493488,1
"NE_2",2,"DrugBefore_YES",0.0756143125246888,0.0250584715492379,0.0793694224194691,1
"NE_2",3,"DrugBefore_NO",0.0901807726553229,0.0369792309584322,0.0905185199426824,1
"NE_2",3,"DrugBefore_YES",0.0904619941529489,0.0422714953009176,0.0750566865354085,1
"NE_2",4,"DrugBefore_NO",0.0800462568487012,0.025616267787806,0.0730530905081144,1
"NE_2",4,"DrugBefore_YES",0.0844579260654385,0.0326449032357665,0.0798037051890383,1
